Employee_ID,Name,Gender,Age,Department,Salary,Hire_Date,Last_Review,Performance_Score,Sick_Days,Left_Company
1001,Patricia Matthews,M,50,Marketing,66457,2015-09-09,2025-05-16,2.7,2,No
1002,Mrs. Alisha Rice,F,22,Marketing,37301,2022-08-05,2025-05-16,4.2,12,No
1003,Jessica Hurst,M,52,Sales,39360,2017-03-30,2025-05-16,3.2,5,No
1004,Kimberly Murphy,M,23,HR,58266,2020-03-25,2025-05-16,3.8,14,No
1005,Christopher Patton MD,F,41,Sales,38243,2016-11-01,2025-05-16,3.6,14,No
1006,Penny Finley MD,F,36,Sales,36937,2022-05-18,2025-05-16,4.9,14,No
1007,Amy Torres,F,51,HR,35131,2022-06-22,2025-05-16,3.7,10,No
1008,Matthew Brown,F,26,Marketing,61547,2015-06-02,2025-05-16,3.5,6,Yes
1009,Christina Best,F,31,Finance,64119,2021-02-16,2025-05-16,3.1,3,No
1010,Richard Williams,F,55,IT,68722,2020-01-09,2025-05-16,2.6,11,Yes
1011,Alexandra Owens,M,22,IT,43792,2023-12-21,2025-05-16,4.7,2,Yes
1012,Kristen Gillespie,M,33,Finance,31166,2023-04-29,2025-05-16,4.1,8,Yes
1013,Samantha Olson,M,33,IT,64809,2016-09-01,2025-05-16,3.9,12,No
1014,Johnathan Rivera,M,27,Finance,40702,2019-10-03,2025-05-16,3.9,4,No
1015,Shane Johnson,F,33,Finance,51705,2022-10-16,2025-05-16,3.5,2,No
1016,Corey Howard,M,32,Sales,48809,2017-01-23,2025-05-16,3.8,15,No
1017,Phillip Lawrence II,F,37,Marketing,39442,2024-04-27,2025-05-16,4.5,3,No
1018,Mr. Daniel Brooks MD,M,23,HR,45925,2022-11-08,2025-05-16,4.8,11,No
1019,Timothy Brown,F,57,Sales,57940,2020-10-06,2025-05-16,3.9,5,No
1020,Christopher Wall,M,52,Marketing,68455,2017-09-11,2025-05-16,3.7,13,No
1021,Deborah Smith,F,58,HR,65875,2019-04-08,2025-05-16,2.7,4,No
1022,Stephanie Dean,F,33,Marketing,69925,2021-09-19,2025-05-16,4.2,8,Yes
1023,Robert Murphy,F,41,HR,52555,2019-02-03,2025-05-16,4.1,13,No
1024,Charles Mcfarland,F,23,HR,43508,2019-06-08,2025-05-16,4.7,9,No
1025,Eric Smith,M,55,Finance,53406,2021-01-17,2025-05-16,3.1,2,Yes
1026,Wendy Hernandez,M,37,Sales,42565,2018-12-14,2025-05-16,4.4,14,No
1027,Molly Norris,M,22,Sales,50163,2016-06-30,2025-05-16,4.6,14,No
1028,Harold Green,F,51,IT,55179,2017-06-11,2025-05-16,5.0,6,No
1029,Mitchell Medina,M,30,Finance,51090,2018-02-06,2025-05-16,4.1,2,No
1030,Kayla Wiley,M,50,HR,33834,2015-09-02,2025-05-16,4.7,4,No
1031,Andrew Thompson,M,47,Finance,32492,2022-06-27,2025-05-16,4.7,5,No
1032,Steven Sanchez,F,52,Sales,50211,2022-02-03,2025-05-16,3.3,14,Yes
1033,Sarah Collins,F,32,Finance,61182,2021-07-21,2025-05-16,4.3,1,No
1034,Ashley Watts,F,40,IT,54273,2022-12-01,2025-05-16,2.5,2,No
1035,Jason Shah,M,26,Sales,58693,2018-04-10,2025-05-16,4.5,11,No
1036,Carmen Foley DDS,M,32,Finance,54043,2022-06-18,2025-05-16,4.6,15,Yes
1037,Thomas Bauer,F,33,Marketing,64406,2023-08-27,2025-05-16,2.7,5,No
1038,Douglas Mendez,M,33,Finance,61568,2023-09-13,2025-05-16,4.6,15,No
1039,Mario Preston,M,53,HR,66105,2022-04-16,2025-05-16,4.6,8,No
1040,Jeremy Mendoza,F,51,Finance,48761,2017-12-26,2025-05-16,3.8,15,No
1041,Elizabeth Morris,M,55,IT,58104,2016-04-15,2025-05-16,4.2,2,No
1042,Rebecca King,F,28,Marketing,43876,2023-05-13,2025-05-16,4.5,14,Yes
1043,Kenneth Middleton,M,28,Finance,66889,2018-10-10,2025-05-16,3.5,10,No
1044,Kimberly Gregory,M,58,Finance,56708,2019-03-25,2025-05-16,3.9,13,No
1045,Ashley Williams,F,25,Marketing,46760,2018-02-14,2025-05-16,3.5,4,No
1046,Morgan Kaufman,F,50,Marketing,46830,2015-06-30,2025-05-16,4.4,7,Yes
1047,Tina Walter,M,60,HR,57695,2018-05-03,2025-05-16,3.8,5,Yes
1048,Christie Martin,M,41,Sales,56095,2022-03-15,2025-05-16,4.3,6,No
1049,Lisa Bailey,F,60,Sales,68461,2019-01-23,2025-05-16,3.8,5,Yes
1050,Jodi Jones,M,33,Marketing,33850,2020-09-02,2025-05-16,3.4,9,No
1051,Paul Alvarez,F,27,Marketing,45566,2024-03-07,2025-05-16,4.6,1,No
1052,Alyssa Hernandez,M,22,HR,67325,2018-09-20,2025-05-16,3.1,13,No
1053,Ricky Middleton,M,55,IT,57470,2020-02-22,2025-05-16,3.6,1,No
1054,Julie Garcia,F,38,Finance,30686,2022-11-30,2025-05-16,4.7,2,No
1055,Christopher Tyler,F,46,Marketing,67679,2015-11-20,2025-05-16,4.2,0,No
1056,Mitchell Dunn,M,33,HR,61710,2017-06-06,2025-05-16,3.6,10,No
1057,Sheri Bush,F,53,HR,31835,2022-01-24,2025-05-16,4.2,14,No
1058,Catherine Walton,M,54,HR,38180,2019-07-03,2025-05-16,4.9,3,Yes
1059,Amy Hamilton,M,54,Sales,34493,2020-06-23,2025-05-16,4.1,8,No
1060,Marcus Reynolds,M,45,Finance,38324,2016-01-28,2025-05-16,4.3,12,Yes
1061,Jordan Flores,M,27,Marketing,53748,2016-07-01,2025-05-16,3.4,13,No
1062,Mary Thomas,F,39,Sales,51400,2017-07-18,2025-05-16,3.9,5,No
1063,Richard Duran,F,46,Marketing,68062,2019-06-20,2025-05-16,3.8,7,No
1064,Brian Schwartz,F,33,Marketing,46410,2022-04-11,2025-05-16,4.8,8,No
1065,Brad Fischer,M,50,Sales,31586,2015-08-28,2025-05-16,2.7,6,Yes
1066,Rachel Nguyen,F,25,Finance,49674,2020-01-28,2025-05-16,2.5,6,No
1067,Peter Sullivan MD,M,24,HR,48388,2017-07-30,2025-05-16,4.4,2,Yes
1068,Rebecca Carroll,F,22,Sales,37740,2023-05-08,2025-05-16,2.6,14,No
1069,Michael Allen,F,33,IT,30857,2020-09-14,2025-05-16,4.7,2,No
1070,Stephanie Kane,F,47,HR,50416,2019-10-12,2025-05-16,3.4,11,No
1071,Julie Morgan,F,28,Finance,58060,2023-10-24,2025-05-16,4.3,7,No
1072,John Castro,M,53,Sales,43211,2016-04-17,2025-05-16,2.7,11,No
1073,Kimberly Rodriguez,F,31,Finance,45555,2018-10-20,2025-05-16,4.2,6,No
1074,Jonathan Gomez,F,42,IT,41814,2016-11-14,2025-05-16,4.4,6,No
1075,Taylor Vega,F,30,Marketing,62988,2018-04-24,2025-05-16,3.8,10,No
1076,Tyrone Williams,M,31,HR,56472,2020-05-07,2025-05-16,3.1,0,No
1077,Todd Snyder,M,56,HR,57326,2015-11-18,2025-05-16,3.9,13,Yes
1078,Mark Riley,F,32,Marketing,52245,2016-06-06,2025-05-16,4.0,10,No
1079,Karen Holt,M,58,IT,65357,2016-04-20,2025-05-16,3.6,2,No
1080,James Gibson,F,33,Sales,33753,2017-12-10,2025-05-16,2.7,11,No
1081,Timothy Ferguson,M,22,IT,56802,2021-11-15,2025-05-16,2.7,14,Yes
1082,Michael Farrell,M,23,Finance,34646,2017-04-08,2025-05-16,4.4,1,No
1083,Diana Pollard,M,60,Finance,40206,2016-10-27,2025-05-16,3.8,13,No
1084,Sarah Conrad,F,43,HR,62578,2021-06-26,2025-05-16,4.4,10,No
1085,Heather Smith,M,32,Sales,58698,2018-08-09,2025-05-16,3.5,2,No
1086,Nicole Sweeney,F,34,IT,48180,2021-12-22,2025-05-16,4.7,0,No
1087,Chelsey Ramirez,F,31,IT,52170,2022-12-01,2025-05-16,5.0,4,No
1088,Robert Rogers,F,50,Sales,54652,2021-11-25,2025-05-16,2.8,5,No
1089,William Wallace,M,22,Finance,52210,2016-01-12,2025-05-16,4.5,11,No
1090,Jackie Smith,M,44,HR,35255,2021-01-18,2025-05-16,4.3,10,Yes
1091,Ashley Evans,M,59,Finance,39491,2020-11-30,2025-05-16,4.9,12,No
1092,Shannon Smith,F,52,Finance,55343,2020-11-27,2025-05-16,4.5,7,No
1093,Sherry Mitchell,M,46,Sales,54896,2020-09-20,2025-05-16,4.0,11,No
1094,Stephanie Warren,F,42,Sales,64974,2023-04-23,2025-05-16,2.6,12,Yes
1095,Melvin Garcia,M,48,Finance,45430,2016-09-01,2025-05-16,3.0,1,No
1096,Zachary Bass,M,33,Sales,48694,2017-06-25,2025-05-16,5.0,9,No
1097,Steven White,F,49,Finance,36273,2020-03-15,2025-05-16,2.9,2,Yes
1098,Bryan Rice,F,50,Finance,49431,2022-08-12,2025-05-16,4.5,0,No
1099,Randall Horne,F,42,Sales,60335,2020-01-01,2025-05-16,3.5,15,No
1100,Tiffany Arnold,M,49,HR,60213,2020-02-21,2025-05-16,2.7,5,No
